{
  "project_info": {
    "project_number": "1038669433621",
    "firebase_url": "https://refund-app-default-rtdb.firebaseio.com",
    "project_id": "refund-app",
    "storage_bucket": "refund-app.appspot.com"
  },
  "client": [
    {
      "client_info": {
        "mobilesdk_app_id": "1:1038669433621:android:9cd4e33f73d9647746771c",
        "android_client_info": {
          "package_name": "com.example.flikartgrid"
        }
      },
      "oauth_client": [
        {
          "client_id": "1038669433621-asig9gp45jek4bo2umhar4lshkd5nvjd.apps.googleusercontent.com",
          "client_type": 1,
          "android_info": {
            "package_name": "com.example.flikartgrid",
            "certificate_hash": "12e9a3662484931185aebb58bc08e9f69418e68d"
          }
        },
        {
          "client_id": "1038669433621-jp8pl3ia43aqgtjitc1rfkhb9vncob71.apps.googleusercontent.com",
          "client_type": 3
        }
      ],
      "api_key": [
        {
          "current_key": "AIzaSyBHn5JeVV_9mAzPj0JJbINQAs25mmmsHYw"
        }
      ],
      "services": {
        "appinvite_service": {
          "other_platform_oauth_client": [
            {
              "client_id": "1038669433621-jp8pl3ia43aqgtjitc1rfkhb9vncob71.apps.googleusercontent.com",
              "client_type": 3
            }
          ]
        }
      }
    }
  ],
  "configuration_version": "1"
}